<archetype-descriptor xmlns:xsi="http://www.w3.org/2001/XMLSchema-instance"
  name="aib-spring-boot-microservice-archetype"
  xmlns="http://maven.apache.org/plugins/maven-archetype-plugin/archetype-descriptor/1.0.0"
  xsi:schemaLocation="http://maven.apache.org/plugins/maven-archetype-plugin/archetype-descriptor/1.0.0
    http://maven.apache.org/xsd/archetype-descriptor-1.0.0.xsd">
  <requiredProperties>
    <requiredProperty key="applicationName">
      <defaultValue>${artifactId}</defaultValue>
    </requiredProperty>
    <requiredProperty key="version">
      <defaultValue>1.0.0</defaultValue>
    </requiredProperty>
    <requiredProperty key="includeLogstash">
      <defaultValue>false</defaultValue>
    </requiredProperty>
    <requiredProperty key="dockerImagePrefix">
      <defaultValue>aib</defaultValue>
    </requiredProperty>
    <requiredProperty key="msfParentVersion"/>
  </requiredProperties>
  <fileSets>
    <fileSet filtered="true" packaged="true">
      <directory>src/main/java</directory>
      <includes>
        <include>**/*.java</include>
      </includes>
    </fileSet>
    <fileSet filtered="true">
      <directory>src/main/resources</directory>
    </fileSet>
    <fileSet filtered="true" packaged="true">
      <directory>src/test/java</directory>
      <includes>
        <include>**/*.java</include>
      </includes>
    </fileSet>
    <fileSet filtered="true">
      <directory>src/test/resources</directory>
      <includes>
        <include>**/*</include>
      </includes>
    </fileSet>
    <fileSet filtered="true" packaged="true">
      <directory>src/test/resources</directory>
      <includes>
        <include>**/acceptance/**</include>
      </includes>
    </fileSet>
    <fileSet filtered="true">
      <directory></directory>
      <includes>
        <include>**/docker/**</include>
      </includes>
    </fileSet>
    <fileSet filtered="false">
      <directory></directory>
      <includes>
        <include>**/sonar/**</include>
      </includes>
    </fileSet>
    <fileSet filtered="false">
      <directory>.settings</directory>
      <includes>
        <include>org.eclipse.jdt.apt.core.prefs</include>
      </includes>
    </fileSet>
  </fileSets>

</archetype-descriptor>
