{
  "msfVersions": [
    {
      "groupId": "ie.aib.msf",
      "artifactId": "aib-msf-boot-parent",
      "version": "@parent.version@",
      "current": true,
      "springBootVersion": "@parent.parent.parent.parent.version@"
    }
  ],
  "dependencies": {
    "id": "dependencies",
    "type": "HIERARCHICAL_MULTI_SELECT",
    "description": null,
    "content": [
      {
        "name": "AIB",
        "content": [
          {
            "name": "JWT Security",
            "id": "security-jwt",
            "description": "The JWT support module allows server resources to be secured with Json Web Tokens",
            "groupId": "ie.aib.msf",
            "artifactId": "aib-spring-boot-starter-security-jwt"
          },
          {
            "name": "LDAP Security",
            "id": "security-ldap",
            "description": "The LDAP support module is designed to support securing of sensitive paths with LDAP",
            "groupId": "ie.aib.msf",
            "artifactId": "aib-spring-boot-starter-security-ldap"
          },
          {
            "name": "X509 Security",
            "id": "security-x509",
            "description": "The X509 module is designed to support securing of sensitive paths with X609 mutual auth",
            "groupId": "ie.aib.msf",
            "artifactId": "aib-spring-boot-starter-security-x509"
          },
          {
            "name": "Security Test",
            "id": "security-test",
            "description": "The security test module contains classes to help with writing security tests",
            "groupId": "ie.aib.msf",
            "artifactId": "aib-spring-boot-security-test",
            "scope": "test"
          },
          {
            "name": "Kafka Event Template",
            "id": "kakfa-eventtemplate",
            "description": "The EventTemplate writes events based on the Event Bus Standards",
            "groupId": "ie.aib.msf",
            "artifactId": "aib-msf-eventtemplate"
          },
          {
            "name": "Kafka Test Server",
            "id": "kakfa-testserver",
            "description": "The Kafka Test Server can be used as an embedded Kafka server for JUnit integration tests",
            "groupId": "ie.aib.msf",
            "artifactId": "aib-msf-kafka-test-server",
            "scope": "test"
          },
          {
            "name": "MQ Auto Configuration",
            "id": "mq-auto-config",
            "description": "Can autoconfigure an MQ connectionFactory",
            "groupId": "ie.aib.msf",
            "artifactId": "aib-ibm-mq-auto-config"
          },
          {
            "name": "Cassandra Auto Configuration",
            "id": "aib-msf-cassandra-auto-config",
            "description": "Used to provide auto configuration for Cassandra",
            "groupId": "ie.aib.msf",
            "artifactId": "aib-msf-cassandra-auto-config"
          },
          {
            "name": "API Documentation",
            "id": "msf-api-documentation",
            "description": "Can use the library aib-msf-api-documentation to include some default Swagger config for your project",
            "groupId": "ie.aib.msf",
            "artifactId": "aib-msf-api-documentation"
          },
          {
            "name": "REST Error Attributes",
            "id": "rest-error-attributes",
            "description": "Provides standard error responses for REST APIs",
            "groupId": "ie.aib.msf",
            "artifactId": "aib-msf-rest-error-attributes",
            "selected": "true"
          },
          {
            "name": "Metrics",
            "id": "aib-msf-metrics",
            "description": "Provides Prometheus format metrics with Micrometer",
            "groupId": "ie.aib.msf",
            "artifactId": "aib-msf-metrics",
            "selected": "true"
          }
        ]
      }
    ]
  }
}