<configuration>
    <jmxConfigurator />

    <include resource="org/springframework/boot/logging/logback/defaults.xml" />

    <springProperty scope="local" name="APP_NAME" source="spring.application.name" defaultValue="spring"/>
    <property name="LOG_FILE" value="${LOG_FILE:-${LOG_PATH:-${LOG_TEMP:-${java.io.tmpdir:-/tmp}}}/${APP_NAME}.log}" />

    <property name="FILE_LOG_PATTERN" value="%d %-5level [%16.16thread] [%48.48logger] %msg%n" />
    <property name="CONSOLE_LOG_PATTERN" value="%d %-5level [%16.16thread] [%48.48logger] %msg%n" />

    <include resource="org/springframework/boot/logging/logback/console-appender.xml" />

    <appender name="FILE" class="ch.qos.logback.core.rolling.RollingFileAppender">
        <encoder>
            <pattern>${FILE_LOG_PATTERN}</pattern>
        </encoder>
        <file>${LOG_FILE}</file>
        <rollingPolicy class="ch.qos.logback.core.rolling.TimeBasedRollingPolicy">
            <fileNamePattern>${LOG_FILE}.%d{yyyy-MM-dd}</fileNamePattern>
            <maxHistory>30</maxHistory>
        </rollingPolicy>
    </appender>

    <root level="INFO">
        <appender-ref ref="CONSOLE" />
        <appender-ref ref="FILE" />
    </root>

    <logger name="ie.aib.msf.event.monitor" level="WARN" additivity="false">
        <appender-ref ref="FILE" />
        <appender-ref ref="CONSOLE" />
    </logger>

</configuration>
