#set($symbol_pound='#')#set($symbol_dollar='$')#set($symbol_escape='\')<?xml version="1.0" encoding="UTF-8"?>
<configuration>
  <include resource="org/springframework/boot/logging/logback/base.xml"/>

  #if($includeLogstash == "true")
  <!-- Need to have a defaultValue, because of the ordering of loading the logging config, which happens twice.
     The first time it's called the application.yml/application.properties file won't have been loaded
  -->
  <springProperty defaultValue="localhost:5000" name="logstashHosts" source="ie.aib.logstash.hosts"/>
  <springProperty defaultValue="audit" name="appName" source="spring.application.name"/>
  <springProperty defaultValue="unknown" name="appVersion" source="ie.aib.application.version"/>

  <appender class="net.logstash.logback.appender.LogstashTcpSocketAppender" name="LOGSTASH">

    <destination>${logstashHosts}</destination>

    <encoder class="net.logstash.logback.encoder.LoggingEventCompositeJsonEncoder">

      <providers>
        <mdc/> <!-- MDC variables on the Thread will be written as JSON fields -->
        <context/> <!--Outputs entries from logback's context -->
        <version/> <!--Logstash json format version, the @version field in the output -->
        <logLevel/>
        <loggerName/>

        <pattern>
          <pattern> <!--we can add some custom fields to be sent with all the log entries. -->
            {      <!--make filtering easier in Logstash -->
            "appName": "${appName}", <!--or searching with Kibana -->
            "appVersion": "${appVersion}",
            "operationId": "%X{X-B3-TraceId:-}",
            "requestId": "%X{X-B3-SpanId:-}"
            }
          </pattern>
        </pattern>

        <threadName/>
        <message/>

        <logstashMarkers/> <!-- Useful so we can add extra information for specific log lines as Markers -->
        <arguments/> <!-- or through StructuredArguments -->

        <stackTrace/>
      </providers>

    </encoder>
  </appender>
  #end

  <!-- TODO configure a rolling file appender as well as the console one -->
  <appender class="ch.qos.logback.core.ConsoleAppender" name="CONSOLE">
    <encoder>
      <pattern>%-4relative [%thread] %-5level %logger{35} - %msg %n</pattern>
    </encoder>
  </appender>

  <root level="INFO">

    #if($includeLogstash == "true")
    <appender-ref ref="LOGSTASH"/>
    #end

    <appender-ref ref="CONSOLE"/>

  </root>

  <logger level="INFO" name="org.springframework"/>
  <logger level="DEBUG" name="ie.aib"/>

  <jmxConfigurator/>

</configuration>