<configuration>
  <jmxConfigurator/>

  <include resource="org/springframework/boot/logging/logback/defaults.xml"/>

  <springProperty defaultValue="spring" name="APP_NAME" scope="local" source="spring.application.name"/>
  <property name="LOG_FILE" value="${LOG_FILE:-${LOG_PATH:-${LOG_TEMP:-${java.io.tmpdir:-/tmp}}}/${APP_NAME}.log}"/>

  <property name="FILE_LOG_PATTERN" value="%d %-5level [%16.16thread] [%48.48logger] %msg%n"/>

  <include resource="org/springframework/boot/logging/logback/console-appender.xml"/>

  <appender class="ch.qos.logback.core.rolling.RollingFileAppender" name="FILE">
    <encoder>
      <pattern>${FILE_LOG_PATTERN}</pattern>
    </encoder>
    <file>${LOG_FILE}</file>
    <rollingPolicy class="ch.qos.logback.core.rolling.TimeBasedRollingPolicy">
      <fileNamePattern>${LOG_FILE}.%d{yyyy-MM-dd}</fileNamePattern>
      <maxHistory>30</maxHistory>
    </rollingPolicy>
  </appender>

  <root level="INFO">
    <appender-ref ref="CONSOLE"/>
    <appender-ref ref="FILE"/>
  </root>

  <!-- bump chatty INFO logs to WARN -->

  <logger name="com.netflix.discovery.shared.resolver.aws.ConfigClusterResolver" additivity="false" level="WARN">
    <appender-ref ref="CONSOLE" />
    <appender-ref ref="FILE" />
  </logger>

  <logger name="org.springframework.beans.factory.annotation.AutowiredAnnotationBeanPostProcessor" additivity="false" level="WARN">
    <appender-ref ref="CONSOLE" />
    <appender-ref ref="FILE" />
  </logger>

  <logger name="org.springframework.cloud.config.server.environment.NativeEnvironmentRepository" additivity="false" level="WARN">
    <appender-ref ref="CONSOLE" />
    <appender-ref ref="FILE" />
  </logger>

  <logger name="org.springframework.context.annotation.AnnotationConfigApplicationContext" additivity="false" level="WARN">
    <appender-ref ref="CONSOLE" />
    <appender-ref ref="FILE" />
  </logger>

</configuration>
