{
  "groups": [
    {
      "name": "initializr.metrics",
      "type": "io.spring.initializr.actuate.autoconfigure.MetricsProperties",
      "sourceType": "io.spring.initializr.actuate.autoconfigure.MetricsProperties"
    },
    {
      "name": "initializr.stats",
      "type": "io.spring.initializr.actuate.stat.StatsProperties",
      "sourceType": "io.spring.initializr.actuate.stat.StatsProperties"
    },
    {
      "name": "initializr.stats.elastic",
      "type": "io.spring.initializr.actuate.stat.StatsProperties$Elastic",
      "sourceType": "io.spring.initializr.actuate.stat.StatsProperties",
      "sourceMethod": "getElastic()"
    }
  ],
  "properties": [
    {
      "name": "initializr.metrics.id",
      "type": "java.lang.String",
      "description": "Identifier for application in metrics keys. Keys will be exported in the form '[id].[hex].[name]' (where '[id]' is this value, '[hex]' is unique per application context, and '[name]' is the \"natural\" name for the metric.",
      "sourceType": "io.spring.initializr.actuate.autoconfigure.MetricsProperties"
    },
    {
      "name": "initializr.metrics.key",
      "type": "java.lang.String",
      "description": "Redis key holding index to metrics keys in data store.",
      "defaultValue": "keys.spring.metrics.collector",
      "sourceType": "io.spring.initializr.actuate.autoconfigure.MetricsProperties"
    },
    {
      "name": "initializr.metrics.prefix",
      "type": "java.lang.String",
      "description": "Prefix for redis keys holding metrics in data store.",
      "defaultValue": "spring.metrics.collector.",
      "sourceType": "io.spring.initializr.actuate.autoconfigure.MetricsProperties"
    },
    {
      "name": "initializr.metrics.rate-millis",
      "type": "java.lang.Long",
      "description": "The rate (in milliseconds) at which metrics are exported to Redis. If the value is <=0 then the export is disabled.",
      "defaultValue": 5000,
      "sourceType": "io.spring.initializr.actuate.autoconfigure.MetricsProperties"
    },
    {
      "name": "initializr.stats.elastic.uri",
      "type": "java.lang.String",
      "description": "Elastic service uri.",
      "sourceType": "io.spring.initializr.actuate.stat.StatsProperties$Elastic"
    },
    {
      "name": "initializr.stats.elastic.username",
      "type": "java.lang.String",
      "description": "Elastic service username.",
      "sourceType": "io.spring.initializr.actuate.stat.StatsProperties$Elastic"
    },
    {
      "name": "initializr.stats.elastic.password",
      "type": "java.lang.String",
      "description": "Elastic service password.",
      "sourceType": "io.spring.initializr.actuate.stat.StatsProperties$Elastic"
    },
    {
      "name": "initializr.stats.elastic.index-name",
      "type": "java.lang.String",
      "description": "Name of the index.",
      "sourceType": "io.spring.initializr.actuate.stat.StatsProperties$Elastic"
    },
    {
      "name": "initializr.stats.elastic.entity-name",
      "type": "java.lang.String",
      "description": "Name of the entity to use to publish stats.",
      "sourceType": "io.spring.initializr.actuate.stat.StatsProperties$Elastic"
    },
    {
      "name": "initializr.stats.elastic.max-attempts",
      "type": "java.lang.Integer",
      "description": "Number of attempts before giving up.",
      "defaultValue": 3,
      "sourceType": "io.spring.initializr.actuate.stat.StatsProperties$Elastic"
    }
  ],
  "hints": []
}