<?xml version="1.0" encoding="UTF-8"?>
<configuration>
	<include resource="org/springframework/boot/logging/logback/base.xml" />

	<!-- Need to have a defaultValue, because of the ordering of loading the logging config, which happens twice. 
		 The first time it's called the application.yml/application.properties file won't have been loaded
	-->
	<springProperty name="logstashHosts" source="ie.aib.logstash.hosts" defaultValue="localhost:5000" />
	<springProperty name="appName" source="spring.application.name" defaultValue="payment-ms" />
	<springProperty name="appVersion" source="ie.aib.application.version" defaultValue="unknown" />

	<appender name="STASH" class="net.logstash.logback.appender.LogstashTcpSocketAppender">

		<destination>${logstashHosts}</destination>

		<encoder class="net.logstash.logback.encoder.LoggingEventCompositeJsonEncoder">
		
			<providers>
				<mdc /> <!-- MDC variables on the Thread will be written as JSON fields -->
				<context /> <!--Outputs entries from logback's context -->
				<version /> <!--Logstash json format version, the @version field in the output -->
				<logLevel />
				<loggerName />

				<pattern>
					<pattern> <!--we can add some custom fields to be sent with all the log entries. -->
						{      <!--make filtering easier in Logstash -->
						"appName": "${appName}", <!--or searching with Kibana -->
						"appVersion": "${appVersion}",
						"operationId": "%X{X-B3-TraceId:-}",
						"requestId": "%X{X-B3-SpanId:-}",
						"type" : "application"
						}
					</pattern>
				</pattern>

				<threadName />
				<message />

				<logstashMarkers /> <!-- Useful so we can add extra information for specific log lines as Markers -->
				<arguments /> <!-- or through StructuredArguments -->

				<stackTrace />
			</providers>
			
		</encoder>
	</appender>

	<root level="INFO">
		<appender-ref ref="STASH" />
	</root>
	<jmxConfigurator/>
</configuration>