<configuration>
  <jmxConfigurator/>
  <include resource="org/springframework/boot/logging/logback/defaults.xml"/>
  <include resource="org/springframework/boot/logging/logback/console-appender.xml"/>

  <springProperty scope="local" name="APP_NAME" source="spring.application.name" defaultValue="spring"/>
  <property name="LOG_FILE" value="${LOG_FILE:-${LOG_PATH:-${LOG_TEMP:-${java.io.tmpdir:-/tmp}}}/${APP_NAME}.log}"/>


  <appender name="FILE" class="ch.qos.logback.core.rolling.RollingFileAppender">
    <encoder>
      <pattern>${FILE_LOG_PATTERN}</pattern>
    </encoder>
    <file>${LOG_FILE}</file>
    <rollingPolicy class="ch.qos.logback.core.rolling.TimeBasedRollingPolicy">
      <fileNamePattern>${LOG_FILE}.%d{yyyy-MM-dd}</fileNamePattern>
      <maxHistory>30</maxHistory>
    </rollingPolicy>
  </appender>

  <root level="INFO">
    <appender-ref ref="CONSOLE"/>
    <appender-ref ref="FILE"/>
  </root>
</configuration>